{"cameraMode":{"drawMode":0,"name":"Shaded","section":"Shading Mode"},"sceneLighting":true,"audioPlay":false,"sceneViewState":{"showFog":true,"showMaterialUpdate":true,"showSkybox":true,"showFlares":true,"showImageEffects":true,"showParticleSystems":true},"in2DMode":false,"pivot":{"x":3.327559471130371,"y":2.477242946624756,"z":-9.681201934814454},"rotation":{"x":0.033464185893535617,"y":-0.7483988404273987,"z":0.03767826780676842,"w":0.6615286469459534},"size":4.196218490600586,"orthographic":false}