{"cameraMode":{"drawMode":0,"name":"Shaded","section":"Shading Mode"},"sceneLighting":false,"audioPlay":false,"sceneViewState":{"showFog":true,"showMaterialUpdate":true,"showSkybox":false,"showFlares":true,"showImageEffects":true,"showParticleSystems":true},"in2DMode":false,"pivot":{"x":-20.95583152770996,"y":5.827754497528076,"z":-11.770471572875977},"rotation":{"x":-0.01918160170316696,"y":-0.9742707014083862,"z":-0.09147968888282776,"w":0.2058076560497284},"size":2.7141106128692629,"orthographic":false}