{"cameraMode":{"drawMode":0,"name":"Shaded","section":"Shading Mode"},"sceneLighting":false,"audioPlay":false,"sceneViewState":{"showFog":true,"showMaterialUpdate":true,"showSkybox":false,"showFlares":true,"showImageEffects":true,"showParticleSystems":true},"in2DMode":false,"pivot":{"x":1.155669927597046,"y":0.31621766090393069,"z":0.839676558971405},"rotation":{"x":-0.001583091914653778,"y":0.6723803281784058,"z":-0.0013924740487709642,"w":-0.7402421236038208},"size":2.98858642578125,"orthographic":false}