{"cameraMode":{"drawMode":0,"name":"Shaded","section":"Shading Mode"},"sceneLighting":false,"audioPlay":false,"sceneViewState":{"showFog":true,"showMaterialUpdate":true,"showSkybox":false,"showFlares":true,"showImageEffects":true,"showParticleSystems":true},"in2DMode":false,"pivot":{"x":-0.000593721866607666,"y":-0.0018742689862847329,"z":0.41317790746688845},"rotation":{"x":0.01095462404191494,"y":0.7753345966339111,"z":0.01350795105099678,"w":-0.6313570737838745},"size":0.20840173959732057,"orthographic":false}