{"cameraMode":{"drawMode":0,"name":"Shaded","section":"Shading Mode"},"sceneLighting":false,"audioPlay":false,"sceneViewState":{"showFog":true,"showMaterialUpdate":true,"showSkybox":false,"showFlares":true,"showImageEffects":true,"showParticleSystems":true},"in2DMode":false,"pivot":{"x":1.1896427869796754,"y":1.6464793682098389,"z":2.9455318450927736},"rotation":{"x":0.03547578677535057,"y":-0.21212592720985413,"z":0.0076959324069321159,"w":0.9765886664390564},"size":5.098441123962402,"orthographic":false}