{"cameraMode":{"drawMode":0,"name":"Shaded","section":"Shading Mode"},"sceneLighting":false,"audioPlay":false,"sceneViewState":{"showFog":true,"showMaterialUpdate":true,"showSkybox":false,"showFlares":true,"showImageEffects":true,"showParticleSystems":true},"in2DMode":false,"pivot":{"x":6.306751728057861,"y":0.18602803349494935,"z":10.01971435546875},"rotation":{"x":0.03547578677535057,"y":-0.21212592720985413,"z":0.0076959324069321159,"w":0.9765886664390564},"size":0.4602731466293335,"orthographic":false}