{"cameraMode":{"drawMode":0,"name":"Shaded","section":"Shading Mode"},"sceneLighting":false,"audioPlay":false,"sceneViewState":{"showFog":true,"showMaterialUpdate":true,"showSkybox":false,"showFlares":true,"showImageEffects":true,"showParticleSystems":true},"in2DMode":false,"pivot":{"x":-23.684879302978517,"y":2.4403676986694338,"z":-12.970000267028809},"rotation":{"x":0.053059451282024387,"y":-0.6149158477783203,"z":0.041183046996593478,"w":0.7858878374099731},"size":10.759799003601075,"orthographic":false}