{"cameraMode":{"drawMode":0,"name":"Shaded","section":"Shading Mode"},"sceneLighting":true,"audioPlay":false,"sceneViewState":{"showFog":true,"showMaterialUpdate":true,"showSkybox":true,"showFlares":true,"showImageEffects":true,"showParticleSystems":true},"in2DMode":false,"pivot":{"x":-13.941548347473145,"y":12.158796310424805,"z":6.460550308227539},"rotation":{"x":0.05386723577976227,"y":-0.930307924747467,"z":0.32961538434028628,"w":0.15201309323310853},"size":17.936664581298829,"orthographic":false}