{"cameraMode":{"drawMode":0,"name":"Shaded","section":"Shading Mode"},"sceneLighting":false,"audioPlay":false,"sceneViewState":{"showFog":true,"showMaterialUpdate":true,"showSkybox":false,"showFlares":true,"showImageEffects":true,"showParticleSystems":true},"in2DMode":false,"pivot":{"x":12.25125503540039,"y":19.806970596313478,"z":-10.093232154846192},"rotation":{"x":0.0028362164739519359,"y":-0.9937722086906433,"z":-0.024428868666291238,"w":-0.10988687723875046},"size":4.307494640350342,"orthographic":false}