{"cameraMode":{"drawMode":0,"name":"Shaded","section":"Shading Mode"},"sceneLighting":false,"audioPlay":false,"sceneViewState":{"showFog":true,"showMaterialUpdate":true,"showSkybox":false,"showFlares":true,"showImageEffects":true,"showParticleSystems":true},"in2DMode":false,"pivot":{"x":8.349822998046875,"y":3.829725980758667,"z":5.033936023712158},"rotation":{"x":-0.0894106775522232,"y":-0.6191733479499817,"z":-0.07127634435892105,"w":0.7769165635108948},"size":1.8567438125610352,"orthographic":false}